"method","lambda","final_elbo","n_iter","nu0","selected_L","causal_pip","top","top_alpha","seed"
"relax",1e-04,221.782526302235,3000,10,1,"0.006, 1.000","324, 385, 324, 324, 324","1.000, 0.034, 0.002, 0.002, 0.002",1
"relax",0.001,471.828022568145,3000,376.092722248617,2,"0.006, 0.006","351, 351, 354, 354, 354","1.000, 1.000, 0.002, 0.002, 0.002",1
"relax",0.01,1529.42271143602,2750,10,1,"0.008, 1.000","324, 324, 324, 324, 324","1.000, 0.002, 0.002, 0.002, 0.002",1
"relax",0.05,1625.78034750277,620,10,1,"0.008, 0.999","324, 325, 325, 325, 325","0.999, 0.002, 0.002, 0.002, 0.002",1
"relax",0.1,1619.95914205498,480,10,1,"0.008, 0.008","342, 336, 342, 342, 342","0.002, 0.959, 0.002, 0.002, 0.002",1
"relax",0.15,1617.71979423753,460,20.2760588604858,1,"0.008, 0.998","336, 336, 336, 324, 336","0.002, 0.002, 0.002, 0.998, 0.002",1
"relax",0.2,1609.56646904104,445,25.2823728699584,1,"0.008, 0.999","336, 336, 336, 324, 336","0.002, 0.002, 0.002, 0.999, 0.002",1
"relax",0.3,1593.48093109708,465,33.9919754627545,1,"0.008, 1.000","324, 336, 336, 336, 336","1.000, 0.002, 0.002, 0.002, 0.002",1
"relax",0.4,1462.43294368408,195,521.446590439902,5,"1.000, 1.000","324, 336, 139, 295, 304","1.000, 1.000, 1.000, 1.000, 1.000",1
"relax",0.5,1561.71294925289,440,46.9934579731161,1,"0.008, 1.000","324, 336, 336, 336, 336","1.000, 0.002, 0.002, 0.002, 0.002",1
"collapse_shared",1e-04,1127.55218137265,96,10,0,"0.021, 0.813","324, 304, 304, 304, 304","0.812, 0.002, 0.002, 0.002, 0.002",1
"collapse_shared",0.001,1391.65341504198,92,10,0,"0.022, 0.808","324, 304, 304, 304, 304","0.806, 0.002, 0.002, 0.002, 0.002",1
"collapse_shared",0.01,1571.00213265489,89,10,0,"0.022, 0.803","324, 304, 304, 304, 304","0.801, 0.002, 0.002, 0.002, 0.002",1
"collapse_shared",0.05,1624.66557899693,88,10,0,"0.023, 0.801","324, 304, 304, 304, 304","0.799, 0.002, 0.002, 0.002, 0.002",1
"collapse_shared",0.1,1624.02000160561,49,100,3,"0.063, 0.995","324, 336, 297, 295, 128","0.995, 0.177, 0.998, 0.518, 0.003",1
"collapse_shared",0.15,1616.29859324919,42,25,1,"0.009, 0.996","324, 336, 336, 336, 336","0.996, 0.002, 0.002, 0.002, 0.002",1
"collapse_shared",0.2,1608.2496036178,42,25,1,"0.009, 0.996","324, 336, 336, 336, 336","0.996, 0.002, 0.002, 0.002, 0.002",1
"collapse_shared",0.3,1595.95121893558,23,200,4,"0.497, 1.000","324, 336, 139, 297, 295","1.000, 0.953, 0.497, 0.534, 0.514",1
"collapse_shared",0.4,1583.3150944666,23,200,4,"0.555, 1.000","324, 336, 139, 304, 295","1.000, 0.983, 0.555, 0.337, 0.495",1
"collapse_shared",0.5,1568.55364443774,20,200,2,"0.590, 1.000","324, 336, 139, 295, 304","1.000, 0.992, 0.590, 0.467, 0.379",1
"relax",1e-04,387.745770073273,3000,264.321077870275,2,"1.000, 0.006","341, 341, 341, 341, 341","1.000, 1.000, 0.002, 0.002, 0.002",2
"relax",0.001,1552.69232160594,2145,10,1,"1.000, 0.008","341, 341, 341, 341, 341","1.000, 0.002, 0.002, 0.002, 0.002",2
"relax",0.01,1737.9592653626,715,10,1,"0.950, 0.008","341, 341, 341, 341, 341","0.949, 0.002, 0.002, 0.002, 0.002",2
"relax",0.05,1712.79070249131,460,17.1784520809505,1,"0.708, 0.008","341, 372, 372, 372, 372","0.705, 0.002, 0.002, 0.002, 0.002",2
"relax",0.1,1680.97993827678,440,26.6491001265653,1,"0.850, 0.008","341, 372, 372, 372, 372","0.849, 0.002, 0.002, 0.002, 0.002",2
"relax",0.15,1657.44520759386,390,33.8950634489132,1,"0.903, 0.008","341, 372, 372, 372, 372","0.902, 0.002, 0.002, 0.002, 0.002",2
"relax",0.2,1638.01244586634,470,39.8751889308148,1,"0.930, 0.008","341, 372, 372, 372, 372","0.929, 0.002, 0.002, 0.002, 0.002",2
"relax",0.3,1604.87956376014,375,49.035625329206,1,"0.955, 0.008","341, 372, 372, 372, 372","0.955, 0.002, 0.002, 0.002, 0.002",2
"relax",0.4,1574.5987656483,380,54.9760889897592,1,"0.966, 0.008","341, 372, 372, 372, 372","0.965, 0.002, 0.002, 0.002, 0.002",2
"relax",0.5,1544.16514400597,390,57.8003490369811,1,"0.970, 0.008","341, 372, 372, 372, 372","0.969, 0.002, 0.002, 0.002, 0.002",2
"collapse_shared",1e-04,1422.6244514884,91,10,1,"0.315, 0.008","341, 373, 373, 373, 373","0.310, 0.002, 0.002, 0.002, 0.002",2
"collapse_shared",0.001,1645.97099864615,88,10,1,"0.313, 0.008","341, 373, 373, 373, 373","0.307, 0.002, 0.002, 0.002, 0.002",2
"collapse_shared",0.01,1739.49904966193,87,10,1,"0.312, 0.008","341, 373, 373, 373, 373","0.307, 0.002, 0.002, 0.002, 0.002",2
"collapse_shared",0.05,1712.61869269231,44,100,3,"0.999, 0.004","341, 372, 406, 296, 296","0.999, 0.282, 0.597, 0.002, 0.002",2
"collapse_shared",0.1,1688.91271691954,42,100,3,"0.999, 0.004","341, 372, 406, 296, 296","0.999, 0.275, 0.577, 0.002, 0.002",2
"collapse_shared",0.15,1668.29000077667,41,100,3,"0.998, 0.004","341, 372, 406, 296, 296","0.998, 0.267, 0.557, 0.002, 0.002",2
"collapse_shared",0.2,1649.87362217121,39,100,3,"0.998, 0.004","341, 372, 406, 358, 358","0.998, 0.260, 0.536, 0.002, 0.002",2
"collapse_shared",0.3,1616.41995266287,37,100,3,"0.996, 0.005","341, 372, 406, 347, 347","0.996, 0.246, 0.494, 0.002, 0.002",2
"collapse_shared",0.4,1588.87292862529,32,200,4,"0.998, 0.008","341, 372, 406, 347, 358","0.998, 0.313, 0.540, 0.941, 0.033",2
"collapse_shared",0.5,1558.14381150737,25,200,1,"0.998, 0.017","341, 372, 406, 347, 381","0.998, 0.313, 0.503, 0.941, 0.046",2
"relax",1e-04,123.428059851661,3000,190.881983224936,2,"0.006, 0.006","238, 241, 275, 275, 275","0.342, 0.338, 0.002, 0.002, 0.002",3
"relax",0.001,1519.82997309812,2270,10,1,"0.008, 0.812","261, 261, 261, 261, 261","0.810, 0.002, 0.002, 0.002, 0.002",3
"relax",0.01,1817.20683318677,665,10,1,"0.008, 0.287","261, 253, 253, 253, 253","0.282, 0.002, 0.002, 0.002, 0.002",3
"relax",0.05,1854.64257402536,490,34.5382485219969,1,"0.008, 0.378","283, 283, 261, 283, 283","0.002, 0.002, 0.373, 0.002, 0.002",3
"relax",0.1,1767.19247798088,270,534.064549819222,4,"0.002, 0.002","248, 283, 267, 293, 258","0.404, 1.000, 1.000, 1.000, 0.002",3
"relax",0.15,1779.27826087276,205,703.209955875324,5,"0.000, 0.415","261, 283, 267, 293, 248","0.415, 1.000, 1.000, 1.000, 0.569",3
"relax",0.2,1779.15745534438,195,861.935488747656,5,"0.000, 0.985","261, 283, 267, 293, 219","0.985, 1.000, 1.000, 1.000, 0.908",3
"relax",0.3,1771.03994226649,210,1026.13032375191,5,"0.000, 0.998","261, 283, 267, 293, 248","0.998, 1.000, 1.000, 1.000, 0.952",3
"relax",0.4,1745.74627373176,225,1125.34138726898,5,"0.000, 1.000","261, 283, 267, 293, 248","1.000, 1.000, 1.000, 1.000, 0.982",3
"relax",0.5,1709.82708549008,235,1042.00542064093,5,"0.000, 1.000","261, 258, 283, 267, 293","1.000, 1.000, 1.000, 1.000, 1.000",3
"collapse_shared",1e-04,1276.29493850956,97,10,1,"0.008, 0.218","261, 302, 302, 302, 302","0.212, 0.002, 0.002, 0.002, 0.002",3
"collapse_shared",0.001,1623.17170586867,92,10,1,"0.008, 0.217","261, 302, 302, 302, 302","0.211, 0.002, 0.002, 0.002, 0.002",3
"collapse_shared",0.01,1815.61012999436,90,10,1,"0.008, 0.217","261, 302, 302, 302, 302","0.211, 0.002, 0.002, 0.002, 0.002",3
"collapse_shared",0.05,1852.77492466691,31,50,1,"0.008, 0.429","261, 283, 283, 283, 283","0.424, 0.002, 0.002, 0.002, 0.002",3
"collapse_shared",0.1,1861.20615556079,29,500,5,"0.000, 0.000","258, 283, 267, 293, 257","1.000, 0.998, 1.000, 0.998, 0.574",3
"collapse_shared",0.15,1858.03511862005,25,500,5,"0.000, 0.000","258, 283, 267, 293, 257","1.000, 0.999, 1.000, 0.998, 0.498",3
"collapse_shared",0.2,1845.46993373101,23,500,5,"0.000, 0.000","258, 283, 267, 293, 257","1.000, 0.999, 1.000, 0.998, 0.440",3
"collapse_shared",0.3,1810.82290333053,24,500,5,"0.000, 0.000","258, 283, 267, 293, 257","1.000, 0.996, 1.000, 0.998, 0.361",3
"collapse_shared",0.4,1769.84458455931,10,500,4,"0.000, 0.571","261, 283, 267, 293, 248","0.571, 1.000, 1.000, 0.994, 0.409",3
"collapse_shared",0.5,1733.26120153603,9,500,3,"0.000, 0.602","261, 283, 267, 293, 258","0.602, 1.000, 1.000, 0.991, 0.368",3
"relax",1e-04,626.740675223109,3000,387.494349738,2,"0.006, 0.006","462, 462, 468, 468, 468","1.000, 1.000, 0.002, 0.002, 0.002",4
"relax",0.001,1681.37586758455,1460,10,1,"0.008, 0.587","463, 463, 463, 463, 463","0.584, 0.002, 0.002, 0.002, 0.002",4
"relax",0.01,1815.3790605792,410,10,1,"0.008, 0.312","463, 468, 468, 468, 468","0.306, 0.002, 0.002, 0.002, 0.002",4
"relax",0.05,1659.9501620299,635,654.025440611587,3,"0.004, 0.376","464, 468, 462, 464, 464","0.410, 1.000, 1.000, 0.002, 0.002",4
"relax",0.1,1703.99353375648,175,1488.35453278438,5,"0.998, 1.000","463, 468, 458, 467, 75","1.000, 1.000, 1.000, 0.997, 0.998",4
"relax",0.15,1726.52144656379,180,1110.695009485,4,"0.998, 1.000","463, 468, 458, 451, 75","1.000, 1.000, 1.000, 0.002, 0.998",4
"relax",0.2,1735.11166967118,160,1198.01087451667,5,"0.999, 1.000","463, 468, 458, 451, 75","1.000, 1.000, 1.000, 0.941, 0.999",4
"relax",0.3,1735.95552233333,170,1288.09971352446,5,"1.000, 1.000","463, 468, 458, 75, 451","1.000, 1.000, 1.000, 1.000, 0.996",4
"relax",0.4,1721.32377468244,190,1311.2542131638,5,"1.000, 1.000","463, 468, 458, 75, 451","1.000, 1.000, 1.000, 1.000, 1.000",4
"relax",0.5,1700.8799596047,220,1049.18072861268,5,"1.000, 1.000","463, 468, 464, 75, 451","1.000, 1.000, 1.000, 1.000, 1.000",4
"collapse_shared",1e-04,1551.3789267387,92,10,0,"0.008, 0.266","463, 468, 468, 468, 468","0.261, 0.002, 0.002, 0.002, 0.002",4
"collapse_shared",0.001,1735.33764091587,90,10,0,"0.008, 0.266","463, 468, 468, 468, 468","0.260, 0.002, 0.002, 0.002, 0.002",4
"collapse_shared",0.01,1813.73417780202,89,10,0,"0.008, 0.266","463, 468, 468, 468, 468","0.260, 0.002, 0.002, 0.002, 0.002",4
"collapse_shared",0.05,1820.72734676483,73,100,3,"0.006, 0.385","464, 468, 462, 75, 75","0.402, 1.000, 0.697, 0.003, 0.003",4
"collapse_shared",0.1,1813.79735534867,29,200,4,"0.501, 0.398","464, 468, 462, 75, 467","0.399, 1.000, 0.395, 0.500, 0.003",4
"collapse_shared",0.15,1804.00914599076,27,200,4,"0.519, 0.410","463, 468, 458, 75, 451","0.409, 1.000, 0.355, 0.518, 0.003",4
"collapse_shared",0.2,1792.08964154044,25,200,4,"0.531, 0.419","463, 468, 458, 75, 451","0.417, 1.000, 0.353, 0.530, 0.003",4
"collapse_shared",0.3,1774.18839045386,12,500,5,"0.797, 0.493","463, 468, 462, 75, 451","0.493, 1.000, 0.353, 0.797, 0.755",4
"collapse_shared",0.4,1750.94903163361,11,500,5,"0.797, 0.504","463, 468, 75, 458, 451","0.504, 1.000, 0.797, 0.267, 0.787",4
"collapse_shared",0.5,1722.69527396736,11,500,1,"0.791, 0.512","463, 468, 451, 457, 75","0.512, 1.000, 0.794, 0.308, 0.791",4
"relax",1e-04,473.856227528244,3000,284.855926271861,2,"0.006, 1.000","435, 435, 435, 435, 435","1.000, 1.000, 0.002, 0.002, 0.002",5
"relax",0.001,1495.82089246978,2705,10,1,"0.008, 1.000","435, 435, 435, 435, 435","1.000, 0.002, 0.002, 0.002, 0.002",5
"relax",0.01,1679.70954389919,900,10,1,"0.008, 0.925","435, 435, 435, 435, 435","0.924, 0.002, 0.002, 0.002, 0.002",5
"relax",0.05,1680.26451337872,620,13.6186614251798,1,"0.008, 0.515","435, 320, 320, 320, 320","0.511, 0.002, 0.002, 0.002, 0.002",5
"relax",0.1,1658.10072774436,505,22.0210356989167,1,"0.008, 0.608","435, 320, 320, 320, 320","0.605, 0.002, 0.002, 0.002, 0.002",5
"relax",0.15,1639.12512763198,390,28.6904917408681,1,"0.008, 0.671","435, 320, 320, 320, 320","0.668, 0.002, 0.002, 0.002, 0.002",5
"relax",0.2,1622.11697756355,370,34.2470399979449,1,"0.008, 0.715","435, 320, 320, 320, 320","0.713, 0.002, 0.002, 0.002, 0.002",5
"relax",0.3,1590.98557203804,365,42.7354170520939,1,"0.008, 0.772","435, 320, 320, 320, 320","0.770, 0.002, 0.002, 0.002, 0.002",5
"relax",0.4,1561.05604402439,375,48.1409587783685,1,"0.008, 0.801","435, 320, 320, 320, 320","0.799, 0.002, 0.002, 0.002, 0.002",5
"relax",0.5,1530.32298345185,375,50.646208371855,0,"0.008, 0.813","435, 322, 322, 322, 322","0.812, 0.002, 0.002, 0.002, 0.002",5
"collapse_shared",1e-04,1475.39078367885,97,10,0,"0.017, 0.362","435, 496, 496, 496, 496","0.357, 0.002, 0.002, 0.002, 0.002",5
"collapse_shared",0.001,1618.29690059731,95,10,0,"0.017, 0.361","435, 496, 496, 496, 496","0.356, 0.002, 0.002, 0.002, 0.002",5
"collapse_shared",0.01,1687.7830474485,94,10,0,"0.017, 0.360","435, 496, 496, 496, 496","0.355, 0.002, 0.002, 0.002, 0.002",5
"collapse_shared",0.05,1678.27517659313,94,10,0,"0.017, 0.360","435, 496, 496, 496, 496","0.355, 0.002, 0.002, 0.002, 0.002",5
"collapse_shared",0.1,1656.6777820002,51,25,1,"0.008, 0.592","435, 320, 320, 320, 320","0.589, 0.002, 0.002, 0.002, 0.002",5
"collapse_shared",0.15,1637.61915278859,51,25,1,"0.008, 0.592","435, 320, 320, 320, 320","0.589, 0.002, 0.002, 0.002, 0.002",5
"collapse_shared",0.2,1620.49873204604,64,50,1,"0.040, 0.762","435, 320, 320, 320, 320","0.761, 0.015, 0.011, 0.010, 0.009",5
"collapse_shared",0.3,1593.1020773581,30,100,1,"0.141, 0.763","435, 320, 403, 445, 445","0.763, 0.466, 0.268, 0.009, 0.008",5
"collapse_shared",0.4,1565.32777004282,22,200,1,"0.188, 0.891","435, 320, 403, 442, 483","0.891, 0.467, 0.363, 0.535, 0.197",5
"collapse_shared",0.5,1537.46565281926,22,200,0,"0.217, 0.892","435, 320, 442, 403, 483","0.892, 0.453, 0.533, 0.342, 0.353",5
"relax",1e-04,783.63231797999,3000,268.68262656052,2,"0.006, 1.000","309, 309, 309, 309, 309","1.000, 1.000, 0.002, 0.002, 0.002",6
"relax",0.001,1754.97443662392,1230,10,1,"0.008, 1.000","309, 309, 309, 309, 309","1.000, 0.002, 0.002, 0.002, 0.002",6
"relax",0.01,1897.42428712443,590,15.2779420417034,1,"0.008, 1.000","309, 363, 363, 363, 363","1.000, 0.002, 0.002, 0.002, 0.002",6
"relax",0.05,1909.38773605595,385,48.8411916115193,1,"0.008, 1.000","309, 363, 363, 363, 363","1.000, 0.002, 0.002, 0.002, 0.002",6
"relax",0.1,1896.57765958387,385,83.458928544084,1,"0.008, 1.000","309, 363, 363, 363, 363","1.000, 0.002, 0.002, 0.002, 0.002",6
"relax",0.15,1882.87497155415,435,116.682253034406,1,"0.008, 1.000","309, 363, 363, 363, 363","1.000, 0.002, 0.002, 0.002, 0.002",6
"relax",0.2,1869.54482215028,500,149.473199769645,1,"0.008, 1.000","309, 363, 363, 363, 363","1.000, 0.002, 0.002, 0.002, 0.002",6
"relax",0.3,1843.5163240146,600,212.209779802563,1,"0.008, 1.000","309, 363, 363, 363, 363","1.000, 0.002, 0.002, 0.002, 0.002",6
"relax",0.4,1816.88503738712,820,263.231860184298,1,"0.008, 1.000","309, 363, 363, 363, 363","1.000, 0.002, 0.002, 0.002, 0.002",6
"relax",0.5,1787.98321003738,770,289.897743697072,1,"0.008, 1.000","309, 33, 33, 33, 33","1.000, 0.002, 0.002, 0.002, 0.002",6
"collapse_shared",1e-04,1591.74204310161,96,10,1,"0.008, 0.999","309, 363, 363, 363, 363","0.999, 0.002, 0.002, 0.002, 0.002",6
"collapse_shared",0.001,1780.82060904702,94,10,1,"0.008, 0.999","309, 363, 363, 363, 363","0.999, 0.002, 0.002, 0.002, 0.002",6
"collapse_shared",0.01,1895.28248358641,48,25,1,"0.008, 1.000","309, 363, 363, 363, 363","1.000, 0.002, 0.002, 0.002, 0.002",6
"collapse_shared",0.05,1908.29799286973,29,50,1,"0.009, 1.000","309, 363, 363, 363, 363","1.000, 0.003, 0.003, 0.003, 0.003",6
"collapse_shared",0.1,1897.55114484265,37,100,1,"0.013, 1.000","309, 363, 33, 33, 33","1.000, 0.738, 0.003, 0.003, 0.003",6
"collapse_shared",0.15,1885.2984106827,20,200,2,"0.094, 1.000","309, 363, 33, 33, 33","1.000, 0.890, 0.035, 0.032, 0.030",6
"collapse_shared",0.2,1872.85932961102,19,200,2,"0.098, 1.000","309, 363, 33, 33, 33","1.000, 0.837, 0.036, 0.033, 0.031",6
"collapse_shared",0.3,1846.63165708253,10,500,2,"0.657, 1.000","309, 363, 33, 325, 325","1.000, 0.868, 0.656, 0.036, 0.033",6
"collapse_shared",0.4,1820.67616715057,10,500,1,"0.678, 1.000","309, 363, 33, 325, 325","1.000, 0.678, 0.677, 0.045, 0.040",6
"collapse_shared",0.5,1791.82500055239,8,500,1,"0.748, 1.000","309, 33, 344, 344, 344","1.000, 0.747, 0.071, 0.065, 0.059",6
"relax",1e-04,502.333430445718,3000,310.147842458701,2,"0.006, 0.973","298, 303, 303, 303, 303","0.970, 0.898, 0.002, 0.002, 0.002",7
"relax",0.001,1657.67869477073,2605,10,1,"0.008, 1.000","298, 303, 303, 303, 303","1.000, 0.002, 0.002, 0.002, 0.002",7
"relax",0.01,1783.5201207254,755,13.5274588567983,1,"0.008, 0.993","298, 323, 323, 323, 323","0.993, 0.002, 0.002, 0.002, 0.002",7
"relax",0.05,1610.73730881107,320,609.231250180666,2,"0.006, 0.006","297, 323, 313, 297, 297","0.002, 1.000, 1.000, 0.002, 0.002",7
"relax",0.1,1641.9811783944,185,915.305320975377,4,"0.002, 1.000","298, 323, 313, 294, 280","1.000, 1.000, 1.000, 0.002, 1.000",7
"relax",0.15,1652.85939368164,175,1005.46462093445,4,"0.002, 1.000","298, 323, 313, 294, 280","1.000, 1.000, 1.000, 0.002, 1.000",7
"relax",0.2,1647.6065525755,140,1078.15406663843,5,"0.000, 1.000","298, 323, 313, 331, 280","1.000, 1.000, 1.000, 0.982, 1.000",7
"relax",0.3,1637.12229020122,135,1137.13104304128,5,"0.000, 1.000","298, 323, 313, 331, 280","1.000, 1.000, 1.000, 1.000, 1.000",7
"relax",0.4,1613.15296476221,150,1084.41677504138,5,"0.000, 1.000","298, 323, 313, 331, 280","1.000, 1.000, 1.000, 1.000, 1.000",7
"relax",0.5,1578.17917482919,165,960.812169247768,5,"0.000, 1.000","298, 323, 313, 331, 280","1.000, 1.000, 1.000, 1.000, 1.000",7
"collapse_shared",1e-04,1463.96297044716,140,10,1,"0.008, 0.800","298, 327, 327, 327, 327","0.798, 0.002, 0.002, 0.002, 0.002",7
"collapse_shared",0.001,1693.92115003774,135,10,1,"0.008, 0.795","298, 327, 327, 327, 327","0.793, 0.002, 0.002, 0.002, 0.002",7
"collapse_shared",0.01,1781.28542838455,134,10,1,"0.008, 0.794","298, 327, 327, 327, 327","0.793, 0.002, 0.002, 0.002, 0.002",7
"collapse_shared",0.05,1776.38919628857,39,200,3,"0.002, 0.993","298, 323, 313, 280, 240","0.993, 1.000, 1.000, 0.909, 0.004",7
"collapse_shared",0.1,1766.47258548634,49,200,3,"0.002, 0.999","298, 323, 313, 280, 368","0.999, 1.000, 0.999, 0.789, 0.004",7
"collapse_shared",0.15,1750.26987845898,26,200,3,"0.004, 1.000","298, 323, 313, 280, 280","1.000, 1.000, 0.998, 0.017, 0.013",7
"collapse_shared",0.2,1733.40235713989,25,200,3,"0.004, 1.000","298, 323, 313, 280, 280","1.000, 1.000, 0.997, 0.012, 0.011",7
"collapse_shared",0.3,1703.79161271251,14,500,5,"0.000, 1.000","298, 323, 313, 331, 280","1.000, 1.000, 1.000, 0.890, 0.982",7
"collapse_shared",0.4,1671.92024153978,13,500,4,"0.000, 1.000","298, 323, 313, 331, 280","1.000, 1.000, 1.000, 0.937, 0.903",7
"collapse_shared",0.5,1635.65753038584,12,500,4,"0.000, 1.000","298, 323, 313, 331, 280","1.000, 1.000, 1.000, 0.953, 0.494",7
"relax",1e-04,642.205612467878,3000,233.302649977705,2,"1.000, 0.006","105, 110, 105, 105, 105","1.000, 0.854, 0.002, 0.002, 0.002",8
"relax",0.001,1619.98806580613,1595,10,1,"1.000, 0.008","105, 105, 105, 105, 105","1.000, 0.002, 0.002, 0.002, 0.002",8
"relax",0.01,1754.32431373381,700,10,1,"1.000, 0.008","105, 98, 98, 98, 98","1.000, 0.002, 0.002, 0.002, 0.002",8
"relax",0.05,1769.91120294744,425,30.0211799797129,1,"1.000, 0.008","105, 98, 98, 98, 98","1.000, 0.002, 0.002, 0.002, 0.002",8
"relax",0.1,1761.82661929226,435,49.4879362502146,1,"1.000, 0.008","98, 105, 98, 98, 98","0.002, 1.000, 0.002, 0.002, 0.002",8
"relax",0.15,1750.84231127356,460,66.2886146932839,1,"1.000, 0.008","105, 98, 98, 98, 98","1.000, 0.002, 0.002, 0.002, 0.002",8
"relax",0.2,1739.3388751461,555,81.2654084634916,1,"1.000, 0.008","105, 98, 98, 98, 98","1.000, 0.002, 0.002, 0.002, 0.002",8
"relax",0.3,1673.23321894342,290,722.180196156408,5,"1.000, 0.000","105, 98, 158, 107, 94","1.000, 1.000, 1.000, 1.000, 0.991",8
"relax",0.4,1691.52223838891,720,124.569846699098,1,"1.000, 0.008","105, 98, 98, 98, 98","1.000, 0.002, 0.002, 0.002, 0.002",8
"relax",0.5,1648.0288876205,265,657.576162704177,5,"1.000, 0.000","105, 98, 158, 107, 96","1.000, 0.999, 1.000, 1.000, 0.999",8
"collapse_shared",1e-04,1514.69195406755,122,10,1,"0.961, 0.008","105, 72, 72, 72, 72","0.961, 0.002, 0.002, 0.002, 0.002",8
"collapse_shared",0.001,1668.85416020659,120,10,1,"0.960, 0.008","105, 72, 72, 72, 72","0.960, 0.002, 0.002, 0.002, 0.002",8
"collapse_shared",0.01,1752.43874928217,119,10,1,"0.960, 0.008","105, 72, 72, 72, 72","0.960, 0.002, 0.002, 0.002, 0.002",8
"collapse_shared",0.05,1768.19951844009,57,25,1,"1.000, 0.008","105, 98, 98, 98, 98","1.000, 0.002, 0.002, 0.002, 0.002",8
"collapse_shared",0.1,1762.47144836968,26,100,2,"1.000, 0.007","105, 98, 158, 158, 158","1.000, 0.365, 0.007, 0.006, 0.006",8
"collapse_shared",0.15,1755.39244316043,42,200,5,"1.000, 0.000","105, 98, 158, 107, 94","1.000, 0.430, 0.958, 0.999, 0.802",8
"collapse_shared",0.2,1747.6268407098,54,200,3,"1.000, 0.000","105, 98, 158, 107, 94","1.000, 0.421, 0.947, 0.998, 0.705",8
"collapse_shared",0.3,1727.09792159295,19,200,2,"1.000, 0.015","105, 98, 158, 107, 107","1.000, 0.386, 0.758, 0.034, 0.030",8
"collapse_shared",0.4,1704.73147402265,19,200,2,"1.000, 0.017","105, 98, 158, 107, 107","1.000, 0.384, 0.730, 0.029, 0.026",8
"collapse_shared",0.5,1682.67031284182,20,500,3,"1.000, 0.000","105, 98, 158, 107, 96","1.000, 0.517, 0.944, 0.994, 0.997",8
"relax",1e-04,799.462658592882,3000,194.265967888805,2,"0.006, 1.000","287, 287, 287, 287, 287","1.000, 0.896, 0.002, 0.002, 0.002",9
"relax",0.001,1767.56350978079,1065,10,1,"0.008, 0.799","287, 287, 287, 287, 287","0.798, 0.002, 0.002, 0.002, 0.002",9
"relax",0.01,1861.66358243459,515,15.317897491901,1,"0.008, 0.540","287, 270, 270, 270, 270","0.536, 0.002, 0.002, 0.002, 0.002",9
"relax",0.05,1844.10347774483,365,40.8909817639255,1,"0.008, 0.644","287, 270, 270, 270, 270","0.641, 0.002, 0.002, 0.002, 0.002",9
"relax",0.1,1818.58975467729,370,62.4989792063082,1,"0.008, 0.695","287, 270, 270, 270, 270","0.693, 0.002, 0.002, 0.002, 0.002",9
"relax",0.15,1797.4127031621,390,80.1188852390982,1,"0.008, 0.728","287, 270, 270, 270, 270","0.725, 0.002, 0.002, 0.002, 0.002",9
"relax",0.2,1778.78256815188,415,95.1202132916091,1,"0.008, 0.750","287, 270, 270, 270, 270","0.748, 0.002, 0.002, 0.002, 0.002",9
"relax",0.3,1745.43359318503,485,118.49582477236,1,"0.008, 0.780","287, 270, 270, 270, 270","0.778, 0.002, 0.002, 0.002, 0.002",9
"relax",0.4,1714.03524682376,465,133.02037496447,1,"0.008, 0.795","287, 270, 270, 270, 270","0.793, 0.002, 0.002, 0.002, 0.002",9
"relax",0.5,1664.44600793867,240,706.062115907165,5,"0.000, 1.000","287, 290, 270, 295, 148","1.000, 1.000, 1.000, 1.000, 0.982",9
"collapse_shared",1e-04,1591.07430549627,93,10,1,"0.008, 0.323","287, 250, 250, 250, 250","0.318, 0.002, 0.002, 0.002, 0.002",9
"collapse_shared",0.001,1784.37084902099,90,10,1,"0.008, 0.321","287, 250, 250, 250, 250","0.315, 0.002, 0.002, 0.002, 0.002",9
"collapse_shared",0.01,1859.55711764247,89,10,1,"0.008, 0.320","287, 250, 250, 250, 250","0.315, 0.002, 0.002, 0.002, 0.002",9
"collapse_shared",0.05,1842.7381130639,33,50,1,"0.008, 0.657","287, 270, 270, 270, 270","0.655, 0.002, 0.002, 0.002, 0.002",9
"collapse_shared",0.1,1819.30176218794,32,100,2,"0.006, 0.931","287, 270, 295, 295, 295","0.931, 0.438, 0.005, 0.004, 0.004",9
"collapse_shared",0.15,1801.1837306247,22,200,3,"0.002, 0.988","287, 270, 295, 148, 148","0.988, 0.635, 1.000, 0.078, 0.040",9
"collapse_shared",0.2,1785.51109643753,23,200,3,"0.003, 0.986","287, 270, 295, 148, 148","0.986, 0.616, 1.000, 0.057, 0.037",9
"collapse_shared",0.3,1754.40527942696,23,200,3,"0.003, 0.979","287, 270, 295, 148, 148","0.979, 0.585, 0.998, 0.034, 0.027",9
"collapse_shared",0.4,1724.32278535439,17,500,4,"0.000, 0.999","287, 270, 295, 290, 148","0.999, 0.735, 1.000, 0.926, 0.455",9
"collapse_shared",0.5,1697.25266286214,13,500,3,"0.000, 0.999","287, 270, 295, 290, 148","0.999, 0.678, 0.999, 0.987, 0.209",9
"relax",1e-04,519.906568056968,3000,323.733615651919,2,"0.006, 0.006","155, 155, 157, 157, 157","0.500, 0.500, 0.002, 0.002, 0.002",10
"relax",0.001,1606.55645883214,2060,10,1,"0.999, 0.008","39, 39, 39, 39, 39","0.999, 0.002, 0.002, 0.002, 0.002",10
"relax",0.01,1810.48992731267,680,10,1,"0.605, 0.008","39, 42, 42, 42, 42","0.602, 0.002, 0.002, 0.002, 0.002",10
"relax",0.05,1831.75300343517,490,28.8232109769462,1,"0.622, 0.008","39, 491, 491, 491, 491","0.619, 0.002, 0.002, 0.002, 0.002",10
"relax",0.1,1822.16072811831,370,50.536839241781,1,"0.781, 0.008","39, 491, 491, 491, 491","0.780, 0.002, 0.002, 0.002, 0.002",10
"relax",0.15,1810.49255358472,360,70.3749668294401,1,"0.862, 0.008","39, 491, 491, 491, 491","0.861, 0.002, 0.002, 0.002, 0.002",10
"relax",0.2,1798.810392628,380,89.0226485904103,1,"0.906, 0.008","39, 491, 491, 491, 491","0.905, 0.002, 0.002, 0.002, 0.002",10
"relax",0.3,1775.58684329686,510,122.709994375791,1,"0.948, 0.008","39, 491, 491, 491, 491","0.948, 0.002, 0.002, 0.002, 0.002",10
"relax",0.4,1740.86028974926,270,738.959743365984,5,"1.000, 1.000","39, 491, 45, 59, 73","1.000, 1.000, 1.000, 1.000, 0.937",10
"relax",0.5,1726.68275895389,285,905.849836753369,4,"1.000, 1.000","39, 491, 45, 59, 73","1.000, 1.000, 1.000, 1.000, 0.921",10
"collapse_shared",1e-04,1500.36520642236,89,10,1,"0.315, 0.008","39, 73, 73, 73, 73","0.310, 0.002, 0.002, 0.002, 0.002",10
"collapse_shared",0.001,1689.55709974782,87,10,1,"0.314, 0.008","39, 73, 73, 73, 73","0.309, 0.002, 0.002, 0.002, 0.002",10
"collapse_shared",0.01,1809.67268730995,85,10,1,"0.313, 0.008","39, 73, 73, 73, 73","0.308, 0.002, 0.002, 0.002, 0.002",10
"collapse_shared",0.05,1830.26425293866,49,25,1,"0.532, 0.008","39, 491, 491, 491, 491","0.528, 0.002, 0.002, 0.002, 0.002",10
"collapse_shared",0.1,1821.05749124047,32,50,1,"0.752, 0.010","39, 491, 491, 491, 491","0.750, 0.003, 0.003, 0.003, 0.003",10
"collapse_shared",0.15,1811.67123501223,42,100,2,"0.843, 0.982","39, 491, 59, 59, 59","0.843, 0.982, 0.005, 0.005, 0.004",10
"collapse_shared",0.2,1801.93117226265,23,200,3,"0.921, 1.000","39, 491, 59, 73, 91","0.921, 1.000, 0.891, 0.029, 0.024",10
"collapse_shared",0.3,1783.70231725756,19,200,2,"0.921, 1.000","39, 491, 59, 73, 73","0.921, 1.000, 0.855, 0.013, 0.012",10
"collapse_shared",0.4,1767.18889011564,15,500,4,"0.995, 1.000","39, 491, 59, 45, 73","0.995, 1.000, 0.963, 0.777, 0.318",10
"collapse_shared",0.5,1747.73762599198,12,500,2,"1.000, 1.000","39, 491, 45, 59, 73","1.000, 1.000, 0.564, 0.910, 0.172",10
"relax",1e-04,36.1710656309365,3000,10,1,"0.006, 0.006","163, 99, 163, 163, 163","1.000, 0.063, 0.002, 0.002, 0.002",11
"relax",0.001,532.118931347917,3000,216.623330590672,2,"0.096, 0.006","161, 157, 157, 157, 157","0.892, 0.896, 0.002, 0.002, 0.002",11
"relax",0.01,1671.78705033437,1225,10,1,"0.379, 0.008","162, 157, 157, 157, 157","0.374, 0.002, 0.002, 0.002, 0.002",11
"relax",0.05,1612.05052643466,505,6345.92345114009,4,"1.000, 0.002","162, 157, 159, 158, 155","1.000, 1.000, 1.000, 0.002, 1.000",11
"relax",0.1,1770.97577018883,430,57.9694997415509,1,"0.424, 0.008","162, 157, 157, 157, 157","0.419, 0.002, 0.002, 0.002, 0.002",11
"relax",0.15,1770.82302246318,785,82.9427240294001,1,"0.496, 0.008","157, 157, 157, 162, 157","0.002, 0.002, 0.002, 0.492, 0.002",11
"relax",0.2,1712.61481009822,155,1844.79069189319,5,"1.000, 0.000","162, 37, 157, 155, 156","1.000, 0.954, 1.000, 1.000, 1.000",11
"relax",0.3,1725.83331018293,180,1564.19826340269,5,"1.000, 0.000","162, 155, 157, 161, 156","1.000, 1.000, 1.000, 1.000, 1.000",11
"relax",0.4,1720.0826896259,245,990.02640137371,5,"1.000, 0.000","162, 159, 157, 161, 155","1.000, 0.999, 1.000, 1.000, 0.999",11
"relax",0.5,1708.01406931328,290,633.505343288305,5,"1.000, 0.000","162, 159, 163, 37, 180","1.000, 0.998, 0.998, 0.991, 0.974",11
"collapse_shared",1e-04,1000.68111869562,126,10,1,"0.207, 0.008","162, 144, 144, 144, 144","0.201, 0.002, 0.002, 0.002, 0.002",11
"collapse_shared",0.001,1399.7518790738,117,10,1,"0.206, 0.008","162, 144, 144, 144, 144","0.200, 0.002, 0.002, 0.002, 0.002",11
"collapse_shared",0.01,1766.4962169834,200,500,5,"0.092, 0.000","161, 157, 158, 156, 155","0.908, 1.000, 0.500, 1.000, 1.000",11
"collapse_shared",0.05,1818.62195743349,96,500,5,"0.284, 0.000","161, 157, 158, 156, 155","0.716, 1.000, 0.500, 1.000, 1.000",11
"collapse_shared",0.1,1809.46786877934,51,500,5,"0.556, 0.000","162, 157, 155, 156, 158","0.556, 1.000, 1.000, 1.000, 0.500",11
"collapse_shared",0.15,1798.50059294998,36,500,5,"0.679, 0.000","162, 157, 155, 156, 158","0.679, 1.000, 1.000, 1.000, 0.500",11
"collapse_shared",0.2,1788.16442073743,31,500,5,"0.733, 0.000","162, 157, 155, 156, 158","0.733, 1.000, 1.000, 1.000, 0.500",11
"collapse_shared",0.3,1761.74918784632,24,500,4,"0.805, 0.000","162, 155, 156, 158, 37","0.805, 0.994, 0.505, 0.497, 0.338",11
"collapse_shared",0.4,1749.29070350576,34,500,3,"0.992, 0.000","162, 158, 161, 157, 37","0.992, 0.334, 0.945, 0.606, 0.324",11
"collapse_shared",0.5,1733.96405735075,21,500,1,"0.997, 0.001","162, 158, 161, 37, 180","0.997, 0.354, 0.625, 0.283, 0.049",11
"relax",1e-04,559.452018773426,3000,320.109905295507,2,"0.006, 0.006","431, 430, 430, 430, 430","0.453, 0.473, 0.002, 0.002, 0.002",12
"relax",0.001,1571.52912840639,2230,10,1,"0.008, 0.500","450, 450, 450, 450, 450","0.496, 0.002, 0.002, 0.002, 0.002",12
"relax",0.01,1721.07119430264,840,10,1,"0.008, 0.295","450, 449, 449, 449, 449","0.289, 0.002, 0.002, 0.002, 0.002",12
"relax",0.05,1717.05757961809,440,14.0444988520782,1,"0.008, 0.170","450, 109, 109, 109, 109","0.163, 0.002, 0.002, 0.002, 0.002",12
"relax",0.1,1699.89026243498,445,23.2354141187957,1,"0.008, 0.198","109, 109, 109, 450, 109","0.002, 0.002, 0.002, 0.192, 0.002",12
"relax",0.15,1685.53192959108,410,31.0301083880527,1,"0.008, 0.219","450, 109, 109, 109, 109","0.212, 0.002, 0.002, 0.002, 0.002",12
"relax",0.2,1672.59998097615,390,37.9165679138547,0,"0.008, 0.234","450, 109, 109, 109, 109","0.228, 0.002, 0.002, 0.002, 0.002",12
"relax",0.3,1548.50508176838,225,533.531836237872,5,"1.000, 1.000","450, 109, 434, 476, 458","1.000, 1.000, 1.000, 1.000, 1.000",12
"relax",0.4,1547.97288297884,240,536.882774838415,5,"1.000, 1.000","450, 109, 434, 476, 458","1.000, 1.000, 1.000, 1.000, 1.000",12
"relax",0.5,1533.796519215,200,494.821145989743,5,"1.000, 1.000","450, 109, 434, 476, 456","1.000, 1.000, 1.000, 1.000, 1.000",12
"collapse_shared",1e-04,1513.77740589302,80,10,1,"0.017, 0.142","450, 476, 476, 476, 476","0.135, 0.002, 0.002, 0.002, 0.002",12
"collapse_shared",0.001,1668.22288844316,79,10,1,"0.017, 0.142","450, 476, 476, 476, 476","0.135, 0.002, 0.002, 0.002, 0.002",12
"collapse_shared",0.01,1726.95656461704,78,10,1,"0.017, 0.142","450, 476, 476, 476, 476","0.135, 0.002, 0.002, 0.002, 0.002",12
"collapse_shared",0.05,1715.01448086805,78,10,0,"0.017, 0.142","450, 476, 476, 476, 476","0.135, 0.002, 0.002, 0.002, 0.002",12
"collapse_shared",0.1,1698.55499439357,44,25,1,"0.009, 0.192","450, 109, 109, 109, 109","0.186, 0.002, 0.002, 0.002, 0.002",12
"collapse_shared",0.15,1685.15610776463,38,100,3,"1.000, 0.011","443, 109, 476, 111, 111","0.293, 1.000, 0.639, 0.035, 0.015",12
"collapse_shared",0.2,1674.72638983786,37,100,3,"1.000, 0.018","443, 109, 476, 111, 111","0.302, 1.000, 0.608, 0.023, 0.015",12
"collapse_shared",0.3,1654.58340174539,30,200,4,"1.000, 0.454","434, 109, 476, 450, 470","0.549, 1.000, 0.850, 0.454, 0.250",12
"collapse_shared",0.4,1634.80213497143,21,200,3,"1.000, 0.475","450, 109, 476, 434, 470","0.475, 1.000, 0.788, 0.413, 0.229",12
"collapse_shared",0.5,1611.75852106673,18,200,1,"1.000, 0.500","450, 109, 440, 476, 110","0.499, 1.000, 0.242, 0.468, 0.086",12
"relax",1e-04,799.498483581865,3000,421.539658160649,2,"0.006, 0.006","382, 382, 382, 382, 382","1.000, 1.000, 0.002, 0.002, 0.002",13
"relax",0.001,1791.04197299832,1310,10,1,"1.000, 0.008","356, 356, 356, 356, 356","1.000, 0.002, 0.002, 0.002, 0.002",13
"relax",0.01,1904.79615690536,430,10,0,"0.514, 0.009","356, 472, 472, 472, 472","0.510, 0.002, 0.002, 0.002, 0.002",13
"relax",0.05,1898.122388533,465,32.9768929378778,0,"0.909, 0.008","356, 472, 472, 472, 472","0.908, 0.002, 0.002, 0.002, 0.002",13
"relax",0.1,1872.10624922941,865,53.3198546400209,1,"0.975, 0.008","472, 472, 356, 472, 472","0.002, 0.002, 0.975, 0.002, 0.002",13
"relax",0.15,1809.60730562155,255,702.594130698776,5,"1.000, 1.000","356, 472, 369, 481, 336","1.000, 1.000, 1.000, 0.947, 0.941",13
"relax",0.2,1807.35973728834,245,826.185107406332,5,"1.000, 1.000","356, 472, 369, 481, 336","1.000, 1.000, 1.000, 0.958, 0.935",13
"relax",0.3,1790.94390154943,250,995.118474644489,5,"1.000, 1.000","356, 472, 369, 480, 343","1.000, 1.000, 1.000, 0.954, 0.985",13
"relax",0.4,1764.98410370604,275,1092.38849007623,5,"1.000, 1.000","356, 472, 369, 480, 343","1.000, 1.000, 1.000, 0.967, 0.969",13
"relax",0.5,1733.07244277749,285,1091.97579722623,4,"1.000, 1.000","356, 472, 369, 480, 343","1.000, 1.000, 1.000, 0.974, 0.943",13
"collapse_shared",1e-04,1612.39606318766,65,10,0,"0.312, 0.023","356, 328, 328, 328, 328","0.307, 0.002, 0.002, 0.002, 0.002",13
"collapse_shared",0.001,1821.65935960175,64,10,0,"0.311, 0.023","356, 328, 328, 328, 328","0.306, 0.002, 0.002, 0.002, 0.002",13
"collapse_shared",0.01,1903.42986984491,63,10,0,"0.310, 0.023","356, 328, 328, 328, 328","0.305, 0.002, 0.002, 0.002, 0.002",13
"collapse_shared",0.05,1901.99369919882,50,100,3,"0.995, 0.784","356, 472, 326, 481, 481","0.995, 0.784, 0.324, 0.004, 0.004",13
"collapse_shared",0.1,1881.91794788835,23,200,4,"1.000, 0.918","356, 472, 326, 481, 369","1.000, 0.918, 0.320, 0.489, 0.006",13
"collapse_shared",0.15,1861.80717416331,22,200,3,"1.000, 0.923","356, 472, 328, 481, 369","1.000, 0.923, 0.303, 0.434, 0.010",13
"collapse_shared",0.2,1847.63055199237,25,500,5,"0.979, 0.974","356, 472, 343, 326, 369","0.979, 0.974, 0.533, 0.319, 1.000",13
"collapse_shared",0.3,1815.67011846094,16,500,5,"0.998, 0.978","356, 472, 369, 480, 343","0.998, 0.978, 1.000, 0.463, 0.463",13
"collapse_shared",0.4,1784.67868695074,12,500,3,"0.999, 0.977","356, 472, 369, 480, 343","0.999, 0.977, 1.000, 0.452, 0.418",13
"collapse_shared",0.5,1751.617012101,11,500,3,"0.999, 0.977","356, 472, 369, 480, 343","0.999, 0.977, 1.000, 0.412, 0.297",13
"relax",1e-04,431.379197911398,1730,293.41793469246,2,"0.006, 0.006","229, 229, 295, 295, 295","1.000, 1.000, 0.002, 0.002, 0.002",14
"relax",0.001,1554.86967690634,2930,10,1,"0.008, 1.000","329, 329, 329, 329, 329","1.000, 0.002, 0.002, 0.002, 0.002",14
"relax",0.01,1771.13987102475,880,10,1,"0.008, 1.000","329, 329, 329, 329, 329","1.000, 0.002, 0.002, 0.002, 0.002",14
"relax",0.05,1771.91437406046,440,15.183998762654,1,"0.008, 0.998","329, 264, 264, 264, 264","0.998, 0.002, 0.002, 0.002, 0.002",14
"relax",0.1,1751.36641587404,450,24.9367431694246,1,"0.008, 0.999","329, 264, 264, 264, 264","0.999, 0.002, 0.002, 0.002, 0.002",14
"relax",0.15,1734.30550159272,430,33.1528907222999,1,"0.008, 1.000","329, 264, 264, 264, 264","1.000, 0.002, 0.002, 0.002, 0.002",14
"relax",0.2,1719.44707811464,435,40.4547799255291,1,"0.008, 1.000","329, 264, 264, 264, 264","1.000, 0.002, 0.002, 0.002, 0.002",14
"relax",0.3,1692.93751161657,415,52.8274857199712,1,"0.008, 1.000","329, 264, 264, 264, 264","1.000, 0.002, 0.002, 0.002, 0.002",14
"relax",0.4,1667.68943336672,410,62.1476139677984,1,"0.008, 1.000","329, 264, 264, 264, 264","1.000, 0.002, 0.002, 0.002, 0.002",14
"relax",0.5,1641.46310993095,460,67.858241669043,1,"0.008, 1.000","329, 264, 264, 264, 264","1.000, 0.002, 0.002, 0.002, 0.002",14
"collapse_shared",1e-04,1455.62415073732,79,10,0,"0.103, 0.626","329, 348, 348, 348, 348","0.624, 0.002, 0.002, 0.002, 0.002",14
"collapse_shared",0.001,1672.3059953054,77,10,0,"0.103, 0.622","329, 348, 348, 348, 348","0.619, 0.002, 0.002, 0.002, 0.002",14
"collapse_shared",0.01,1776.56099885853,76,10,0,"0.103, 0.620","329, 348, 348, 348, 348","0.617, 0.002, 0.002, 0.002, 0.002",14
"collapse_shared",0.05,1770.01251863278,76,10,0,"0.103, 0.620","329, 348, 348, 348, 348","0.617, 0.002, 0.002, 0.002, 0.002",14
"collapse_shared",0.1,1751.05830226024,64,50,1,"0.358, 0.996","329, 264, 295, 295, 295","0.996, 0.392, 0.002, 0.002, 0.002",14
"collapse_shared",0.15,1735.61014925624,66,50,1,"0.370, 0.996","329, 264, 295, 295, 295","0.996, 0.404, 0.002, 0.002, 0.002",14
"collapse_shared",0.2,1723.35084670962,69,100,2,"0.451, 0.999","329, 264, 281, 278, 278","0.999, 0.549, 0.889, 0.004, 0.004",14
"collapse_shared",0.3,1699.5542364348,17,200,3,"0.434, 1.000","329, 264, 281, 339, 339","1.000, 0.567, 0.983, 0.045, 0.034",14
"collapse_shared",0.4,1678.74763786805,30,200,3,"0.440, 1.000","329, 264, 281, 339, 366","1.000, 0.561, 0.980, 0.236, 0.011",14
"collapse_shared",0.5,1655.04804383957,19,200,2,"0.447, 1.000","329, 264, 281, 339, 366","1.000, 0.555, 0.978, 0.275, 0.013",14
"relax",1e-04,419.137021686738,3000,266.428806722182,2,"0.006, 0.006","216, 216, 263, 263, 263","0.189, 0.246, 0.002, 0.002, 0.002",15
"relax",0.001,1595.53814368304,1900,10,1,"0.008, 0.999","249, 249, 249, 249, 249","0.999, 0.002, 0.002, 0.002, 0.002",15
"relax",0.01,1806.45488872573,655,10,0,"0.008, 0.676","249, 197, 197, 197, 197","0.674, 0.002, 0.002, 0.002, 0.002",15
"relax",0.05,1821.82750777613,440,29.2534651791868,0,"0.008, 0.773","249, 197, 197, 197, 197","0.771, 0.002, 0.002, 0.002, 0.002",15
"relax",0.1,1809.07337804304,375,49.2457659328763,1,"0.008, 0.887","249, 197, 197, 197, 197","0.886, 0.002, 0.002, 0.002, 0.002",15
"relax",0.15,1794.80564399757,380,66.3994740755794,1,"0.008, 0.931","249, 197, 197, 197, 197","0.931, 0.002, 0.002, 0.002, 0.002",15
"relax",0.2,1780.53935263687,415,81.5166402451815,1,"0.008, 0.953","249, 257, 257, 257, 257","0.953, 0.002, 0.002, 0.002, 0.002",15
"relax",0.3,1719.84094911229,235,659.934085884318,5,"0.000, 1.000","249, 257, 202, 123, 263","1.000, 1.000, 1.000, 0.989, 0.998",15
"relax",0.4,1704.85261595282,245,736.064588894068,5,"0.000, 1.000","249, 257, 263, 202, 123","1.000, 1.000, 0.999, 1.000, 0.992",15
"relax",0.5,1680.32910347075,255,758.326903029913,5,"0.000, 1.000","249, 257, 263, 123, 202","1.000, 1.000, 1.000, 0.993, 0.999",15
"collapse_shared",1e-04,1421.55706491873,84,10,0,"0.008, 0.348","249, 202, 202, 202, 202","0.343, 0.002, 0.002, 0.002, 0.002",15
"collapse_shared",0.001,1669.49565290351,81,10,0,"0.008, 0.346","249, 202, 202, 202, 202","0.341, 0.002, 0.002, 0.002, 0.002",15
"collapse_shared",0.01,1805.30819544415,80,10,0,"0.008, 0.345","249, 202, 202, 202, 202","0.340, 0.002, 0.002, 0.002, 0.002",15
"collapse_shared",0.05,1820.35688015792,47,25,0,"0.008, 0.658","249, 197, 197, 197, 197","0.655, 0.002, 0.002, 0.002, 0.002",15
"collapse_shared",0.1,1810.65591930896,38,100,2,"0.010, 0.972","249, 197, 123, 123, 123","0.971, 0.532, 0.011, 0.010, 0.009",15
"collapse_shared",0.15,1800.20530123966,74,200,4,"0.002, 0.084","263, 197, 257, 123, 255","0.587, 0.523, 0.524, 0.334, 0.999",15
"collapse_shared",0.2,1785.76388770494,19,200,3,"0.010, 0.945","249, 197, 257, 123, 263","0.945, 0.403, 0.512, 0.290, 0.033",15
"collapse_shared",0.3,1762.66621366958,28,200,3,"0.004, 0.822","249, 257, 197, 263, 123","0.822, 0.512, 0.379, 0.687, 0.301",15
"collapse_shared",0.4,1738.04228702495,9,500,3,"0.001, 0.932","249, 257, 202, 263, 123","0.932, 0.520, 0.463, 0.783, 0.488",15
"collapse_shared",0.5,1710.70057139219,9,500,1,"0.003, 0.944","249, 257, 263, 202, 123","0.944, 0.520, 0.784, 0.410, 0.401",15
"relax",1e-04,600.645877964646,3000,353.853934095871,2,"0.006, 0.006","408, 408, 373, 373, 373","1.000, 1.000, 0.002, 0.002, 0.002",16
"relax",0.001,1689.61867132839,1765,10,1,"0.008, 0.331","373, 373, 373, 373, 373","0.502, 0.002, 0.002, 0.002, 0.002",16
"relax",0.01,1827.53762616866,675,10,1,"0.019, 0.287","373, 375, 375, 375, 375","0.307, 0.002, 0.002, 0.002, 0.002",16
"relax",0.05,1793.34887938734,470,16.914206731321,1,"1.000, 0.008","373, 225, 373, 373, 373","0.002, 1.000, 0.002, 0.002, 0.002",16
"relax",0.1,1759.75862900062,445,25.8209083285429,1,"1.000, 0.008","373, 225, 373, 373, 373","0.002, 1.000, 0.002, 0.002, 0.002",16
"relax",0.15,1738.94073045155,410,41.1186101341706,1,"0.016, 0.436","225, 374, 225, 225, 225","0.002, 0.432, 0.002, 0.002, 0.002",16
"relax",0.2,1718.75753106063,430,48.5945605596831,1,"0.013, 0.450","225, 374, 225, 225, 225","0.002, 0.446, 0.002, 0.002, 0.002",16
"relax",0.3,1685.21815015071,405,61.0043320974417,1,"0.008, 0.308","373, 225, 225, 225, 225","0.352, 0.002, 0.002, 0.002, 0.002",16
"relax",0.4,1655.05310615364,550,69.3184484743009,1,"0.008, 0.311","373, 225, 225, 225, 225","0.361, 0.002, 0.002, 0.002, 0.002",16
"relax",0.5,1585.47350368679,215,542.627359284865,5,"1.000, 0.000","373, 225, 376, 392, 382","1.000, 1.000, 1.000, 0.999, 0.991",16
"collapse_shared",1e-04,1545.56058988894,84,10,0,"0.091, 0.247","373, 382, 382, 382, 382","0.248, 0.002, 0.002, 0.002, 0.002",16
"collapse_shared",0.001,1751.96373824671,82,10,0,"0.092, 0.246","373, 382, 382, 382, 382","0.248, 0.002, 0.002, 0.002, 0.002",16
"collapse_shared",0.01,1826.72735446339,81,10,0,"0.092, 0.246","373, 382, 382, 382, 382","0.248, 0.002, 0.002, 0.002, 0.002",16
"collapse_shared",0.05,1796.47785730597,61,50,2,"1.000, 0.259","373, 225, 382, 382, 382","0.320, 1.000, 0.003, 0.003, 0.003",16
"collapse_shared",0.1,1767.92196966072,40,100,2,"1.000, 0.245","373, 225, 382, 392, 392","0.445, 1.000, 0.298, 0.003, 0.003",16
"collapse_shared",0.15,1747.09838515057,44,100,2,"1.000, 0.249","373, 225, 382, 392, 392","0.434, 1.000, 0.266, 0.003, 0.003",16
"collapse_shared",0.2,1728.75840716092,50,100,2,"1.000, 0.254","373, 225, 382, 392, 392","0.422, 1.000, 0.229, 0.003, 0.003",16
"collapse_shared",0.3,1698.41451327585,32,200,2,"1.000, 0.238","373, 225, 382, 392, 392","0.542, 1.000, 0.310, 0.037, 0.024",16
"collapse_shared",0.4,1670.35918865183,22,200,2,"1.000, 0.254","373, 225, 382, 392, 392","0.517, 1.000, 0.213, 0.021, 0.018",16
"collapse_shared",0.5,1641.69701313672,20,200,1,"1.000, 0.280","373, 225, 392, 376, 376","0.564, 1.000, 0.151, 0.047, 0.041",16
"relax",1e-04,384.832170009234,3000,277.42068994716,2,"0.006, 0.006","173, 173, 175, 175, 175","1.000, 1.000, 0.002, 0.002, 0.002",17
"relax",0.001,1570.35742551424,2395,10,1,"0.752, 0.008","122, 122, 122, 122, 122","0.750, 0.002, 0.002, 0.002, 0.002",17
"relax",0.01,1822.34085603642,755,10,1,"0.559, 0.008","122, 123, 123, 123, 123","0.555, 0.002, 0.002, 0.002, 0.002",17
"relax",0.05,1844.86144206729,560,24.8177890060059,1,"0.546, 0.008","122, 434, 434, 434, 434","0.542, 0.002, 0.002, 0.002, 0.002",17
"relax",0.1,1828.17578484704,365,41.2918504061808,1,"0.565, 0.008","122, 434, 434, 434, 434","0.561, 0.002, 0.002, 0.002, 0.002",17
"relax",0.15,1809.92746327305,380,54.9476621681902,1,"0.578, 0.008","122, 434, 434, 434, 434","0.574, 0.002, 0.002, 0.002, 0.002",17
"relax",0.2,1792.28114008078,405,66.6163818855739,1,"0.588, 0.008","122, 434, 434, 434, 434","0.584, 0.002, 0.002, 0.002, 0.002",17
"relax",0.3,1758.5396361234,535,84.7084570143646,1,"0.601, 0.008","122, 434, 434, 434, 434","0.598, 0.002, 0.002, 0.002, 0.002",17
"relax",0.4,1708.2131367975,500,380.115325993227,4,"0.999, 0.999","122, 434, 119, 424, 108","0.999, 0.999, 0.997, 0.996, 0.002",17
"relax",0.5,1681.80387779417,250,569.687136692787,5,"1.000, 1.000","122, 434, 119, 424, 123","1.000, 1.000, 1.000, 1.000, 1.000",17
"collapse_shared",1e-04,1422.27154776619,81,10,0,"0.457, 0.054","122, 137, 137, 137, 137","0.453, 0.002, 0.002, 0.002, 0.002",17
"collapse_shared",0.001,1672.70830649371,79,10,0,"0.456, 0.055","122, 137, 137, 137, 137","0.452, 0.002, 0.002, 0.002, 0.002",17
"collapse_shared",0.01,1822.43927894747,77,10,0,"0.455, 0.055","122, 137, 137, 137, 137","0.451, 0.002, 0.002, 0.002, 0.002",17
"collapse_shared",0.05,1843.56565092219,40,25,1,"0.539, 0.012","122, 434, 434, 434, 434","0.536, 0.002, 0.002, 0.002, 0.002",17
"collapse_shared",0.1,1830.06684927146,19,100,2,"0.571, 0.658","122, 434, 119, 119, 119","0.569, 0.656, 0.004, 0.004, 0.004",17
"collapse_shared",0.15,1815.2272689116,19,100,2,"0.571, 0.668","122, 434, 119, 119, 119","0.569, 0.667, 0.004, 0.004, 0.004",17
"collapse_shared",0.2,1800.5439972562,17,200,3,"0.575, 0.826","122, 434, 119, 108, 108","0.574, 0.826, 0.848, 0.039, 0.024",17
"collapse_shared",0.3,1772.25610057481,18,200,2,"0.578, 0.835","122, 434, 119, 108, 108","0.576, 0.835, 0.827, 0.025, 0.019",17
"collapse_shared",0.4,1741.69875364532,19,200,2,"0.580, 0.846","122, 434, 119, 108, 108","0.579, 0.845, 0.797, 0.018, 0.015",17
"collapse_shared",0.5,1709.08593495625,21,200,0,"0.584, 0.861","122, 434, 119, 117, 117","0.583, 0.861, 0.758, 0.018, 0.016",17
"relax",1e-04,811.821551928899,3000,425.456134091994,2,"0.006, 0.006","199, 199, 199, 199, 199","1.000, 1.000, 0.002, 0.002, 0.002",18
"relax",0.001,1761.2206051523,1685,10,1,"0.008, 0.524","170, 170, 170, 170, 170","0.521, 0.002, 0.002, 0.002, 0.002",18
"relax",0.01,1874.93815783445,600,10,0,"0.045, 0.469","170, 167, 167, 167, 167","0.465, 0.002, 0.002, 0.002, 0.002",18
"relax",0.05,1865.88534679668,765,17.3318213231734,1,"0.422, 0.008","170, 22, 170, 170, 170","0.002, 0.421, 0.002, 0.002, 0.002",18
"relax",0.1,1849.62654624484,555,36.4594253274651,0,"0.039, 0.477","170, 23, 23, 23, 23","0.472, 0.002, 0.002, 0.002, 0.002",18
"relax",0.15,1784.79508483428,310,674.764344801607,5,"0.014, 0.999","170, 22, 146, 149, 208","0.999, 0.985, 1.000, 0.959, 1.000",18
"relax",0.2,1791.60205245769,255,814.966327394026,5,"0.994, 1.000","170, 23, 146, 149, 208","1.000, 0.994, 1.000, 0.969, 0.999",18
"relax",0.3,1785.13196468406,265,936.921246186415,5,"0.998, 1.000","170, 23, 146, 172, 149","1.000, 0.998, 1.000, 0.998, 0.963",18
"relax",0.4,1769.57419270505,310,832.152923121195,5,"0.987, 0.999","170, 23, 146, 172, 20","0.999, 0.987, 1.000, 0.995, 0.959",18
"relax",0.5,1752.35362458438,350,948.864782464336,5,"0.996, 1.000","170, 23, 146, 169, 22","1.000, 0.996, 1.000, 1.000, 0.992",18
"collapse_shared",1e-04,1635.54219644734,63,10,0,"0.138, 0.284","170, 146, 146, 146, 146","0.278, 0.002, 0.002, 0.002, 0.002",18
"collapse_shared",0.001,1810.6291933674,62,10,0,"0.138, 0.283","170, 146, 146, 146, 146","0.277, 0.002, 0.002, 0.002, 0.002",18
"collapse_shared",0.01,1875.02953858153,61,10,0,"0.138, 0.282","170, 146, 146, 146, 146","0.277, 0.002, 0.002, 0.002, 0.002",18
"collapse_shared",0.05,1868.1480445813,44,50,2,"0.373, 0.506","170, 23, 146, 146, 146","0.503, 0.369, 0.003, 0.003, 0.003",18
"collapse_shared",0.1,1854.69591229775,27,200,4,"0.442, 0.513","170, 23, 146, 149, 208","0.512, 0.441, 1.000, 0.679, 0.195",18
"collapse_shared",0.15,1846.3926022926,28,200,4,"0.456, 0.512","170, 23, 146, 149, 208","0.512, 0.455, 1.000, 0.654, 0.117",18
"collapse_shared",0.2,1835.42094948292,30,200,3,"0.469, 0.512","170, 23, 146, 149, 208","0.512, 0.468, 1.000, 0.486, 0.026",18
"collapse_shared",0.3,1811.85530203355,20,200,3,"0.491, 0.512","170, 23, 146, 208, 208","0.511, 0.490, 0.998, 0.064, 0.039",18
"collapse_shared",0.4,1789.3441958417,14,500,3,"0.497, 0.517","170, 23, 146, 172, 208","0.516, 0.496, 1.000, 0.650, 0.047",18
"collapse_shared",0.5,1763.74292838144,15,500,3,"0.579, 0.516","170, 23, 146, 172, 20","0.515, 0.579, 1.000, 0.847, 0.969",18
"relax",1e-04,1623.52023820867,2345,10,1,"0.008, 1.000","490, 490, 490, 490, 490","1.000, 0.002, 0.002, 0.002, 0.002",19
"relax",0.001,1827.51308675425,865,10,1,"0.008, 1.000","490, 490, 490, 490, 490","1.000, 0.002, 0.002, 0.002, 0.002",19
"relax",0.01,1904.91099882106,425,20.1628200783636,0,"0.008, 0.944","490, 498, 498, 498, 498","0.944, 0.002, 0.002, 0.002, 0.002",19
"relax",0.05,1909.79039298159,425,66.0295293997481,1,"0.008, 0.999","490, 498, 498, 498, 498","0.999, 0.002, 0.002, 0.002, 0.002",19
"relax",0.1,1869.93231736274,240,1067.05809448603,3,"0.004, 1.000","490, 492, 498, 277, 277","1.000, 0.980, 1.000, 0.002, 0.002",19
"relax",0.15,1874.5346723643,215,1321.965875778,3,"0.004, 1.000","490, 492, 498, 277, 277","1.000, 0.999, 1.000, 0.002, 0.002",19
"relax",0.2,1867.24441755025,250,1450.3709031822,3,"0.004, 1.000","490, 492, 498, 277, 277","1.000, 1.000, 1.000, 0.003, 0.003",19
"relax",0.3,1839.18428923444,250,1398.36765322167,5,"0.000, 1.000","490, 492, 489, 498, 487","1.000, 1.000, 0.991, 0.998, 1.000",19
"relax",0.4,1815.88859067,255,1664.52719995267,5,"0.000, 1.000","490, 492, 489, 498, 487","1.000, 1.000, 1.000, 0.963, 1.000",19
"relax",0.5,1788.45812994615,160,1926.17210314957,4,"0.000, 1.000","490, 492, 489, 487, 498","1.000, 1.000, 1.000, 1.000, 0.648",19
"collapse_shared",1e-04,1754.11099801185,112,10,0,"0.008, 0.476","490, 498, 498, 498, 498","0.472, 0.002, 0.002, 0.002, 0.002",19
"collapse_shared",0.001,1841.60689695441,111,10,0,"0.008, 0.475","490, 498, 498, 498, 498","0.471, 0.002, 0.002, 0.002, 0.002",19
"collapse_shared",0.01,1903.22985693281,69,25,0,"0.008, 0.884","490, 498, 498, 498, 498","0.883, 0.002, 0.002, 0.002, 0.002",19
"collapse_shared",0.05,1929.12658343147,34,200,3,"0.004, 1.000","490, 494, 492, 466, 466","1.000, 0.378, 0.708, 0.002, 0.002",19
"collapse_shared",0.1,1919.31272406878,30,200,3,"0.004, 1.000","490, 498, 492, 277, 277","1.000, 0.409, 0.715, 0.002, 0.002",19
"collapse_shared",0.15,1908.18742493922,18,500,3,"0.002, 1.000","490, 498, 492, 277, 277","1.000, 0.625, 0.848, 0.022, 0.016",19
"collapse_shared",0.2,1896.24651351484,11,1000,5,"0.000, 1.000","490, 479, 498, 492, 481","1.000, 0.770, 0.571, 0.929, 1.000",19
"collapse_shared",0.3,1854.96896081517,22,1000,4,"0.000, 1.000","490, 492, 498, 489, 277","1.000, 0.918, 0.489, 0.949, 0.105",19
"collapse_shared",0.4,1824.09798123748,10,1000,4,"0.000, 1.000","490, 492, 498, 489, 277","1.000, 0.944, 0.380, 0.997, 0.073",19
"collapse_shared",0.5,1796.19778210891,13,1000,4,"0.000, 1.000","490, 492, 487, 489, 498","1.000, 1.000, 1.000, 0.999, 0.233",19
"relax",1e-04,429.81738783003,3000,301.72354058741,2,"0.006, 0.006","181, 181, 181, 181, 181","1.000, 1.000, 0.002, 0.002, 0.002",20
"relax",0.001,1557.37357063844,2350,10,1,"0.688, 0.008","166, 166, 166, 166, 166","0.685, 0.002, 0.002, 0.002, 0.002",20
"relax",0.01,1790.37347783105,695,10,1,"0.446, 0.008","166, 164, 164, 164, 164","0.442, 0.002, 0.002, 0.002, 0.002",20
"relax",0.05,1820.68312058815,495,25.4290877004752,1,"0.396, 0.008","166, 153, 153, 153, 153","0.391, 0.002, 0.002, 0.002, 0.002",20
"relax",0.1,1814.09680530064,450,44.7333562568983,1,"0.466, 0.008","166, 360, 360, 360, 360","0.462, 0.002, 0.002, 0.002, 0.002",20
"relax",0.15,1720.5495861755,2180,10000,4,"1.000, 0.002","166, 153, 360, 153, 160","1.000, 1.000, 0.002, 1.000, 1.000",20
"relax",0.2,1792.9388939539,365,78.6861043447569,1,"0.531, 0.008","166, 360, 360, 360, 360","0.527, 0.002, 0.002, 0.002, 0.002",20
"relax",0.3,1770.01313038303,395,107.719715508022,1,"0.560, 0.008","166, 195, 195, 195, 195","0.557, 0.002, 0.002, 0.002, 0.002",20
"relax",0.4,1716.76649483184,305,608.784188823669,5,"1.000, 0.978","166, 160, 360, 195, 153","1.000, 1.000, 0.978, 0.986, 0.996",20
"relax",0.5,1699.11372591363,635,444.083780692944,4,"1.000, 0.981","166, 160, 195, 360, 96","1.000, 0.995, 0.990, 0.981, 0.012",20
"collapse_shared",1e-04,1449.56862487138,86,10,1,"0.261, 0.008","166, 158, 158, 158, 158","0.255, 0.002, 0.002, 0.002, 0.002",20
"collapse_shared",0.001,1658.3390553046,84,10,1,"0.260, 0.008","166, 158, 158, 158, 158","0.255, 0.002, 0.002, 0.002, 0.002",20
"collapse_shared",0.01,1790.66968415045,82,10,1,"0.260, 0.008","166, 158, 158, 158, 158","0.254, 0.002, 0.002, 0.002, 0.002",20
"collapse_shared",0.05,1819.33137437669,45,25,1,"0.370, 0.008","166, 153, 153, 153, 153","0.365, 0.002, 0.002, 0.002, 0.002",20
"collapse_shared",0.1,1813.00692447415,28,50,1,"0.467, 0.010","166, 360, 360, 360, 360","0.463, 0.003, 0.003, 0.003, 0.003",20
"collapse_shared",0.15,1802.51123927296,28,50,1,"0.467, 0.010","166, 360, 360, 360, 360","0.463, 0.002, 0.002, 0.002, 0.002",20
"collapse_shared",0.2,1792.41529946674,23,100,1,"0.541, 0.066","166, 360, 360, 360, 360","0.539, 0.019, 0.017, 0.016, 0.015",20
"collapse_shared",0.3,1770.6153360678,25,200,2,"0.520, 0.393","166, 195, 360, 99, 99","0.519, 0.464, 0.390, 0.027, 0.027",20
"collapse_shared",0.4,1748.95237470934,21,200,1,"0.564, 0.311","166, 195, 360, 99, 99","0.563, 0.398, 0.302, 0.018, 0.018",20
"collapse_shared",0.5,1726.44126863615,12,500,2,"0.584, 0.618","166, 160, 360, 195, 96","0.583, 0.532, 0.618, 0.588, 0.062",20
"relax",1e-04,776.803353053763,3000,262.376957134772,2,"1.000, 0.006","153, 153, 153, 153, 153","1.000, 1.000, 0.002, 0.002, 0.002",21
"relax",0.001,1803.49024909975,1070,10,1,"0.982, 0.008","153, 153, 153, 153, 153","0.981, 0.002, 0.002, 0.002, 0.002",21
"relax",0.01,1913.44173792805,615,16.245766774101,1,"0.674, 0.008","153, 320, 320, 320, 320","0.672, 0.002, 0.002, 0.002, 0.002",21
"relax",0.05,1916.8726182149,385,51.2424990602728,1,"0.888, 0.008","153, 320, 320, 320, 320","0.888, 0.002, 0.002, 0.002, 0.002",21
"relax",0.1,1899.73602859843,370,86.2229702199556,1,"0.951, 0.008","153, 320, 320, 320, 320","0.951, 0.002, 0.002, 0.002, 0.002",21
"relax",0.15,1883.16392842527,440,118.683829027519,1,"0.973, 0.008","153, 320, 320, 320, 320","0.973, 0.002, 0.002, 0.002, 0.002",21
"relax",0.2,1856.3911506509,330,696.390986810784,4,"1.000, 0.020","153, 320, 173, 223, 182","1.000, 0.980, 0.500, 0.999, 0.516",21
"relax",0.3,1845.21999878134,340,1186.55018187996,5,"1.000, 0.013","153, 320, 173, 223, 182","1.000, 0.987, 0.500, 0.999, 0.747",21
"relax",0.4,1823.95840418461,415,1440.84882561966,5,"1.000, 0.019","153, 320, 151, 173, 223","1.000, 0.981, 0.999, 0.499, 0.983",21
"relax",0.5,1795.49630786744,490,1655.59402913132,4,"1.000, 0.992","153, 319, 151, 174, 327","1.000, 0.992, 1.000, 0.788, 0.749",21
"collapse_shared",1e-04,1592.08472666916,93,10,0,"0.465, 0.013","153, 37, 37, 37, 37","0.461, 0.002, 0.002, 0.002, 0.002",21
"collapse_shared",0.001,1820.57684016663,90,10,0,"0.463, 0.013","153, 37, 37, 37, 37","0.459, 0.002, 0.002, 0.002, 0.002",21
"collapse_shared",0.01,1911.52696824162,48,25,1,"0.709, 0.008","153, 320, 320, 320, 320","0.707, 0.002, 0.002, 0.002, 0.002",21
"collapse_shared",0.05,1917.5203202275,24,100,2,"0.834, 0.493","153, 320, 173, 173, 173","0.833, 0.505, 0.003, 0.003, 0.003",21
"collapse_shared",0.1,1904.15548515793,25,100,2,"0.840, 0.492","153, 320, 173, 173, 173","0.839, 0.506, 0.003, 0.003, 0.003",21
"collapse_shared",0.15,1892.46093393164,21,200,2,"0.942, 0.485","153, 320, 173, 173, 173","0.942, 0.516, 0.053, 0.034, 0.027",21
"collapse_shared",0.2,1881.16392478437,11,500,3,"0.994, 0.489","153, 320, 173, 223, 182","0.994, 0.511, 0.499, 0.922, 0.261",21
"collapse_shared",0.3,1858.45462140907,11,500,3,"0.995, 0.507","153, 319, 173, 223, 182","0.995, 0.507, 0.498, 0.836, 0.272",21
"collapse_shared",0.4,1833.42105809539,15,1000,4,"1.000, 0.570","153, 319, 173, 223, 151","1.000, 0.570, 0.498, 0.450, 0.979",21
"collapse_shared",0.5,1803.89380241286,9,1000,3,"1.000, 0.570","153, 319, 173, 151, 327","1.000, 0.570, 0.497, 0.994, 0.233",21
"relax",1e-04,1602.2206751881,3000,10,1,"1.000, 0.008","62, 62, 62, 62, 62","1.000, 0.002, 0.002, 0.002, 0.002",22
"relax",0.001,1860.04795737901,975,10,1,"1.000, 0.008","62, 62, 62, 62, 62","1.000, 0.002, 0.002, 0.002, 0.002",22
"relax",0.01,1929.57110105997,535,17.4768802574123,1,"1.000, 0.008","62, 486, 486, 486, 486","1.000, 0.002, 0.002, 0.002, 0.002",22
"relax",0.05,1927.5656652059,360,54.183946619513,1,"1.000, 0.008","62, 486, 486, 486, 486","1.000, 0.002, 0.002, 0.002, 0.002",22
"relax",0.1,1915.84930377665,380,95.3232852905804,1,"1.000, 0.008","62, 486, 486, 486, 486","1.000, 0.002, 0.002, 0.002, 0.002",22
"relax",0.15,1905.06194243465,525,138.540989518405,1,"1.000, 0.008","62, 486, 486, 486, 486","1.000, 0.002, 0.002, 0.002, 0.002",22
"relax",0.2,1894.8700266011,725,185.603624212732,1,"1.000, 0.008","62, 486, 486, 486, 486","1.000, 0.002, 0.002, 0.002, 0.002",22
"relax",0.3,1881.25098665481,635,1096.44716287414,3,"1.000, 1.000","62, 486, 132, 117, 117","1.000, 1.000, 0.294, 0.037, 0.037",22
"relax",0.4,1869.04928228036,595,2395.02375040513,3,"1.000, 1.000","62, 486, 132, 117, 428","1.000, 1.000, 0.315, 0.557, 0.107",22
"relax",0.5,1851.03543892838,1505,4334.58487673042,2,"1.000, 1.000","62, 486, 132, 117, 428","1.000, 1.000, 0.312, 0.815, 0.078",22
"collapse_shared",1e-04,1728.2170760798,5,10,0,"0.113, 0.081","62, 62, 62, 62, 62","0.065, 0.014, 0.013, 0.013, 0.012",22
"collapse_shared",0.001,1865.17256505971,50,25,1,"1.000, 0.008","62, 486, 486, 486, 486","1.000, 0.002, 0.002, 0.002, 0.002",22
"collapse_shared",0.01,1927.75223319095,50,25,1,"1.000, 0.008","62, 486, 486, 486, 486","1.000, 0.002, 0.002, 0.002, 0.002",22
"collapse_shared",0.05,1926.39406243711,31,50,1,"1.000, 0.010","62, 486, 486, 486, 486","1.000, 0.003, 0.003, 0.003, 0.003",22
"collapse_shared",0.1,1917.21092921286,16,200,2,"1.000, 1.000","62, 486, 60, 60, 60","1.000, 1.000, 0.030, 0.029, 0.028",22
"collapse_shared",0.15,1910.86882533404,16,200,2,"1.000, 1.000","62, 486, 60, 60, 60","1.000, 1.000, 0.020, 0.019, 0.019",22
"collapse_shared",0.2,1903.13056133016,20,500,2,"1.000, 1.000","62, 486, 132, 428, 96","1.000, 1.000, 0.237, 0.090, 0.188",22
"collapse_shared",0.3,1889.43871811762,10,500,2,"1.000, 1.000","62, 486, 132, 117, 117","1.000, 1.000, 0.217, 0.034, 0.034",22
"collapse_shared",0.4,1873.16193853261,7,1000,3,"1.000, 1.000","62, 486, 132, 117, 117","1.000, 1.000, 0.262, 0.128, 0.049",22
"collapse_shared",0.5,1853.10801584789,6,2000,2,"1.000, 1.000","62, 486, 132, 117, 428","1.000, 1.000, 0.282, 0.618, 0.062",22
"relax",1e-04,181.712177767861,2650,199.707231012671,2,"0.006, 0.006","89, 89, 92, 92, 92","1.000, 1.000, 0.002, 0.002, 0.002",23
"relax",0.001,773.203140990978,3000,444.381932555859,2,"0.006, 0.006","77, 77, 92, 92, 92","1.000, 1.000, 0.002, 0.002, 0.002",23
"relax",0.01,1650.36582352974,1060,10,1,"0.155, 0.008","81, 76, 76, 76, 76","0.263, 0.002, 0.002, 0.002, 0.002",23
"relax",0.05,1687.13636133868,460,12.0304462857796,1,"0.179, 0.008","81, 91, 91, 91, 91","0.192, 0.002, 0.002, 0.002, 0.002",23
"relax",0.1,1672.34007072323,450,10,0,"0.008, 0.178","81, 81, 81, 410, 81","0.002, 0.002, 0.002, 0.208, 0.002",23
"relax",0.15,1664.87440522849,450,27.1215500469192,1,"0.177, 0.008","81, 92, 92, 92, 92","0.209, 0.002, 0.002, 0.002, 0.002",23
"relax",0.2,1652.28342770323,430,32.9119906937712,1,"0.176, 0.008","81, 92, 92, 92, 92","0.215, 0.002, 0.002, 0.002, 0.002",23
"relax",0.3,1626.89959886829,420,42.0156596584026,1,"0.174, 0.008","81, 92, 92, 92, 92","0.223, 0.002, 0.002, 0.002, 0.002",23
"relax",0.4,1600.69806578862,400,48.0779356953845,1,"0.172, 0.008","81, 92, 92, 92, 92","0.227, 0.002, 0.002, 0.002, 0.002",23
"relax",0.5,1572.69133233216,385,51.1149428970356,0,"0.171, 0.008","81, 92, 92, 92, 92","0.229, 0.002, 0.002, 0.002, 0.002",23
"collapse_shared",1e-04,1295.38959335156,86,10,1,"0.173, 0.011","81, 91, 91, 91, 91","0.180, 0.002, 0.002, 0.002, 0.002",23
"collapse_shared",0.001,1531.82946281533,83,10,1,"0.173, 0.011","81, 91, 91, 91, 91","0.179, 0.002, 0.002, 0.002, 0.002",23
"collapse_shared",0.01,1663.85602775792,82,10,1,"0.173, 0.011","81, 91, 91, 91, 91","0.179, 0.002, 0.002, 0.002, 0.002",23
"collapse_shared",0.05,1685.27576028753,81,10,1,"0.173, 0.011","81, 91, 91, 91, 91","0.179, 0.002, 0.002, 0.002, 0.002",23
"collapse_shared",0.1,1675.77504331937,42,25,1,"0.177, 0.009","81, 91, 91, 91, 91","0.203, 0.002, 0.002, 0.002, 0.002",23
"collapse_shared",0.15,1664.48187366489,42,50,1,"0.146, 0.023","84, 91, 123, 123, 123","0.274, 0.200, 0.004, 0.004, 0.003",23
"collapse_shared",0.2,1652.70883340566,40,50,1,"0.155, 0.039","84, 91, 123, 123, 123","0.241, 0.110, 0.003, 0.003, 0.003",23
"collapse_shared",0.3,1629.4790718943,28,100,1,"0.138, 0.170","84, 406, 92, 123, 123","0.279, 0.195, 0.232, 0.007, 0.007",23
"collapse_shared",0.4,1604.90272426176,26,100,1,"0.150, 0.181","84, 410, 92, 91, 91","0.247, 0.207, 0.477, 0.008, 0.007",23
"collapse_shared",0.5,1578.2999970819,35,200,0,"0.284, 0.194","84, 410, 91, 123, 80","0.654, 0.246, 0.377, 0.690, 0.383",23
"relax",1e-04,507.463203042062,3000,252.171143875965,2,"0.006, 0.006","406, 406, 406, 406, 406","1.000, 1.000, 0.002, 0.002, 0.002",24
"relax",0.001,1621.06819398364,1680,10,1,"0.008, 0.087","406, 406, 406, 406, 406","0.565, 0.002, 0.002, 0.002, 0.002",24
"relax",0.01,1435.27662854278,3000,2860.45550244655,2,"0.006, 0.006","401, 400, 378, 378, 378","1.000, 1.000, 0.002, 0.002, 0.002",24
"relax",0.05,1764.89216898761,380,28.635989097922,1,"0.008, 0.145","406, 378, 378, 378, 378","0.191, 0.002, 0.002, 0.002, 0.002",24
"relax",0.1,1737.03748698181,365,44.133765614383,1,"0.008, 0.148","406, 378, 378, 378, 378","0.227, 0.002, 0.002, 0.002, 0.002",24
"relax",0.15,1715.73081959784,385,56.6879890171034,1,"0.008, 0.147","406, 378, 378, 378, 378","0.251, 0.002, 0.002, 0.002, 0.002",24
"relax",0.2,1697.69280115991,360,67.4039196553393,1,"0.008, 0.145","406, 378, 378, 378, 378","0.269, 0.002, 0.002, 0.002, 0.002",24
"relax",0.3,1665.64124772235,365,84.2016034560414,1,"0.008, 0.141","406, 378, 378, 378, 378","0.296, 0.002, 0.002, 0.002, 0.002",24
"relax",0.4,1634.55932523293,440,94.7914283554355,1,"0.008, 0.138","378, 378, 378, 406, 378","0.002, 0.002, 0.002, 0.311, 0.002",24
"relax",0.5,1545.69126052308,175,578.271399212403,5,"0.000, 0.000","406, 410, 378, 401, 317","1.000, 1.000, 1.000, 1.000, 0.988",24
"collapse_shared",1e-04,1496.67043908189,113,10,1,"0.008, 0.106","406, 378, 378, 378, 378","0.110, 0.002, 0.002, 0.002, 0.002",24
"collapse_shared",0.001,1686.60998543362,110,10,1,"0.008, 0.106","406, 378, 378, 378, 378","0.109, 0.002, 0.002, 0.002, 0.002",24
"collapse_shared",0.01,1781.83649455914,108,10,1,"0.008, 0.105","406, 378, 378, 378, 378","0.109, 0.002, 0.002, 0.002, 0.002",24
"collapse_shared",0.05,1763.24718759771,63,25,1,"0.008, 0.136","406, 378, 378, 378, 378","0.169, 0.002, 0.002, 0.002, 0.002",24
"collapse_shared",0.1,1740.77167206257,35,100,2,"0.006, 0.030","401, 378, 398, 398, 398","0.353, 0.503, 0.003, 0.003, 0.003",24
"collapse_shared",0.15,1721.63411876005,35,100,2,"0.007, 0.036","401, 378, 398, 398, 398","0.327, 0.502, 0.003, 0.003, 0.003",24
"collapse_shared",0.2,1704.04555371651,34,100,2,"0.007, 0.043","401, 378, 398, 398, 398","0.302, 0.501, 0.003, 0.003, 0.003",24
"collapse_shared",0.3,1677.94953930601,23,200,3,"0.008, 0.067","401, 378, 410, 317, 317","0.407, 0.512, 0.346, 0.045, 0.031",24
"collapse_shared",0.4,1649.31127923944,25,200,3,"0.009, 0.097","401, 378, 410, 317, 317","0.358, 0.509, 0.347, 0.039, 0.029",24
"collapse_shared",0.5,1620.95388746258,40,200,0,"0.004, 0.145","401, 410, 378, 406, 317","0.525, 0.320, 0.507, 0.333, 0.021",24
"relax",1e-04,777.047390244517,3000,279.636923168638,2,"1.000, 0.006","135, 135, 135, 135, 135","1.000, 1.000, 0.002, 0.002, 0.002",25
"relax",0.001,1744.78010257646,1325,10,1,"1.000, 0.008","135, 135, 135, 135, 135","1.000, 0.002, 0.002, 0.002, 0.002",25
"relax",0.01,1828.29832771868,690,10.2292457781469,1,"1.000, 0.008","135, 297, 297, 297, 297","1.000, 0.002, 0.002, 0.002, 0.002",25
"relax",0.05,1803.01145073955,475,27.933231664444,1,"1.000, 0.008","135, 297, 297, 297, 297","1.000, 0.002, 0.002, 0.002, 0.002",25
"relax",0.1,1774.16722446478,365,42.2896512508312,1,"1.000, 0.008","135, 297, 297, 297, 297","1.000, 0.002, 0.002, 0.002, 0.002",25
"relax",0.15,1752.12546104695,450,53.9126469953327,1,"1.000, 0.008","135, 297, 297, 297, 297","1.000, 0.002, 0.002, 0.002, 0.002",25
"relax",0.2,1733.96064568364,365,63.9649941783722,1,"1.000, 0.008","135, 297, 297, 297, 297","1.000, 0.002, 0.002, 0.002, 0.002",25
"relax",0.3,1703.9041542582,375,80.8102389983883,1,"1.000, 0.008","135, 144, 144, 144, 144","1.000, 0.002, 0.002, 0.002, 0.002",25
"relax",0.4,1677.91391104375,385,93.72545256135,1,"1.000, 0.008","135, 144, 144, 144, 144","1.000, 0.002, 0.002, 0.002, 0.002",25
"relax",0.5,1653.16058717981,395,102.424592443623,1,"1.000, 0.008","135, 144, 144, 144, 144","1.000, 0.002, 0.002, 0.002, 0.002",25
"collapse_shared",1e-04,1612.19996504852,97,10,1,"1.000, 0.008","135, 286, 286, 286, 286","1.000, 0.002, 0.002, 0.002, 0.002",25
"collapse_shared",0.001,1777.65693430072,96,10,1,"1.000, 0.008","135, 286, 286, 286, 286","1.000, 0.002, 0.002, 0.002, 0.002",25
"collapse_shared",0.01,1826.41294581586,95,10,1,"1.000, 0.008","135, 286, 286, 286, 286","1.000, 0.002, 0.002, 0.002, 0.002",25
"collapse_shared",0.05,1801.50947640811,49,25,1,"1.000, 0.008","135, 297, 297, 297, 297","1.000, 0.002, 0.002, 0.002, 0.002",25
"collapse_shared",0.1,1772.95254306553,30,50,1,"1.000, 0.011","135, 297, 297, 297, 297","1.000, 0.003, 0.003, 0.003, 0.003",25
"collapse_shared",0.15,1751.00526480875,30,50,1,"1.000, 0.011","135, 297, 297, 297, 297","1.000, 0.003, 0.003, 0.003, 0.003",25
"collapse_shared",0.2,1734.1193486808,45,100,1,"1.000, 0.096","135, 144, 297, 297, 297","1.000, 0.210, 0.021, 0.018, 0.016",25
"collapse_shared",0.3,1706.03968970604,23,200,2,"1.000, 0.384","135, 144, 297, 138, 101","1.000, 0.297, 0.383, 0.465, 0.058",25
"collapse_shared",0.4,1682.55398536491,19,200,2,"1.000, 0.374","135, 144, 297, 138, 101","1.000, 0.282, 0.373, 0.205, 0.049",25
"collapse_shared",0.5,1659.0884617298,17,200,1,"1.000, 0.348","135, 144, 297, 126, 101","1.000, 0.277, 0.345, 0.108, 0.045",25
